[
    {
        "cardTitle": "مدیریت هتل‌داری",
        "cardImage": "/images/q1U2fNRBj001u1ta.jpg",
        "cardP1": "تشریفات و گردشگری هتل‌داری",
        "cardP2": "تاریخ شروع شنبه 27 فروردین 1401",
        "cardP3": "ظرفیت باقی‌مانده 10 نفر",
        "cardP4": "مشخص نشده",
        "price": "61,000,000 ریال" 
    },

    {
        "cardTitle": "اسکیس و راندو",
        "cardImage": "/images/BwzmmpHb10MXOUIs.jpg",
        "cardP1": "معماری",
        "cardP2": "تاریخ شروع شنبه 27 فروردین 1401",
        "cardP3": "ظرفیت باقی‌مانده 8 نفر",
        "cardP4": "مشخص نشده",
        "price": "22,231,000 ریال"
    },

    {
        "cardTitle": "مالیات و ارزش افزوده",
        "cardImage": "/images/GEsQF5vCg23va21S.jpg",
        "cardP1": "علوم مالی",
        "cardP2": "تاریخ شروع شنبه 27 فروردین",
        "cardP3": "ظرفیت باقی‌مانده 13 نفر",
        "cardP4": "مشخص نشده",
        "price": "4,513,000 ریال"
    },

    {
        "cardTitle": "کارگاه شیرینی",
        "cardImage": "/images/lH51FQ686dShcZ0l.jpg",
        "cardP1": "تشریفات و گردشگری",
        "cardP2": "تاریخ شروع سه‌شنبه 10 خرداد 1401",
        "cardP3": "ظرفیت باقی مانده 3 نفر",
        "cardP4": "مشخص نشده",
        "price": "17,500,000 ریال"
    },

    {
        "cardTitle": "دوخت تخصصی مانتو",
        "cardImage": "/images/Wo6W1D4E8Fq38aCm.jpeg",
        "cardP1": "فناوری مد و پوشاک",
        "cardP2": "تاریخ شروع سه‌شنبه 10 خرداد 1401",
        "cardP3": "ظرفیت باقی مانده 6 نفر",
        "cardP4": "مشخص نشده",
        "price": "48,840,000 ریال"
    },

    {
        "cardTitle": "حسابداری مالی و بازرگانی",
        "cardImage": "/images/1pB0mE3G36QaW3G9.jpg",
        "cardP1": "علوم مالی و حسابداری",
        "cardP2": "تاریخ شروع سه‌شنبه 10 خرداد 1401",
        "cardP3": "ظرفیت باقی مانده 0 نفر",
        "cardP4": "مشخص نشده",
        "price": "15,139,800 ریال"
    },

    {
        "cardTitle": "دوره جامع ساخت انیمیشن",
        "cardImage": "/images/oKdIl1zOCAy133j9.jpg",
        "cardP1": "هنر و سینما",
        "cardP2": "تاریخ شروع سه‌شنبه 10 خرداد 1401",
        "cardP3": "ظرفیت باقی مانده 9 نفر",
        "cardP4": "مشخص نشده",
        "price": "117,300,000 ریال"
    },

    {
        "cardTitle": "ساخت طلا و جواهر",
        "cardImage": "/images/tb6nh4Vtv3WfkTkj.jpg",
        "cardP1": "علوم مهندسی",
        "cardP2": "تاریخ شروع سه‌شنبه 10 خرداد 1401",
        "cardP3": "ظرفیت باقی مانده 10 نفر",
        "cardP4": "مشخص نشده",
        "price": "58,500,000 ریال"
    },

    {
        "cardTitle": "تدوین و ساخت تیزر",
        "cardImage": "/images/OP115yi1dxC1Py2E.jpg",
        "cardP1": "هنر و سینما",
        "cardP2": "تاریخ شروع سه‌شنبه 10 خرداد 1401",
        "cardP3": "ظرفیت باقی مانده 10 نفر",
        "cardP4": "مشخص نشده",
        "price": "97,180,000 ریال"
    }

]